{ "backgroundcolor":"#0000ff",
 "height":36,
 "layers":[
        {
         "data":[0, 0, 0, 0, 0, 0, 0, 0, 0, 0, 0, 0, 0, 0, 0, 0, 0, 0, 0, 0, 0, 0, 0, 0, 0, 0, 0, 0, 0, 0, 0, 0, 0, 0, 0, 0, 0, 0, 0, 0, 0, 0, 0, 0, 0, 0, 0, 0, 0, 0, 0, 0, 1, 1, 1, 1, 1, 1, 1, 1, 1, 1, 1, 1, 1, 1, 1, 1, 1, 1, 1, 1, 1, 1, 1, 1, 1, 1, 1, 1, 1, 1, 1, 1, 0, 0, 0, 0, 0, 0, 0, 0, 0, 0, 0, 0, 0, 0, 0, 0, 0, 0, 0, 1, 1, 1, 1, 1, 1, 1, 1, 1, 1, 1, 1, 1, 1, 1, 1, 1, 1, 1, 1, 1, 1, 1, 1, 1, 1, 1, 1, 1, 1, 1, 1, 0, 0, 0, 0, 0, 0, 0, 0, 0, 0, 0, 0, 0, 0, 0, 0, 0, 0, 0, 1, 1, 0, 0, 0, 0, 0, 0, 0, 0, 0, 0, 0, 1, 1, 1, 1, 1, 1, 0, 0, 0, 1, 1, 1, 1, 1, 0, 0, 0, 1, 1, 0, 0, 0, 0, 0, 0, 0, 0, 0, 0, 0, 0, 0, 0, 0, 0, 0, 0, 0, 1, 1, 0, 0, 0, 0, 0, 0, 0, 0, 0, 0, 0, 1, 1, 1, 1, 1, 1, 0, 0, 0, 0, 0, 0, 0, 0, 0, 0, 0, 1, 1, 0, 0, 0, 0, 0, 0, 0, 0, 0, 0, 0, 0, 0, 0, 0, 0, 0, 0, 0, 1, 1, 0, 0, 0, 0, 0, 0, 0, 0, 0, 0, 0, 0, 0, 0, 0, 0, 0, 0, 0, 0, 0, 0, 0, 0, 0, 0, 0, 0, 1, 1, 0, 0, 0, 0, 0, 0, 0, 0, 0, 0, 0, 0, 0, 0, 0, 0, 0, 0, 0, 1, 1, 0, 0, 0, 0, 0, 0, 0, 0, 0, 0, 0, 0, 0, 0, 0, 0, 0, 0, 0, 0, 0, 0, 0, 0, 0, 0, 0, 0, 1, 1, 0, 0, 0, 0, 0, 0, 0, 0, 0, 0, 0, 0, 0, 0, 0, 0, 0, 0, 0, 1, 1, 0, 0, 0, 0, 0, 0, 0, 0, 0, 0, 0, 0, 0, 0, 0, 0, 0, 0, 0, 0, 0, 0, 0, 0, 0, 0, 0, 0, 1, 1, 0, 0, 0, 0, 0, 0, 0, 0, 0, 0, 0, 0, 0, 0, 0, 0, 0, 0, 0, 1, 1, 0, 0, 0, 0, 0, 0, 0, 0, 0, 0, 0, 1, 1, 1, 1, 1, 1, 0, 0, 0, 1, 1, 1, 1, 1, 0, 0, 0, 1, 1, 0, 0, 0, 0, 0, 0, 0, 0, 0, 0, 0, 0, 0, 0, 0, 0, 0, 0, 0, 1, 1, 1, 1, 1, 1, 1, 0, 1, 1, 1, 1, 1, 1, 1, 1, 1, 1, 1, 1, 1, 1, 1, 1, 1, 1, 1, 1, 1, 1, 1, 1, 0, 0, 0, 0, 0, 0, 0, 0, 0, 0, 0, 0, 0, 0, 0, 0, 0, 0, 0, 1, 1, 1, 1, 1, 1, 1, 0, 1, 1, 1, 1, 1, 1, 1, 1, 1, 1, 1, 1, 1, 1, 1, 1, 1, 1, 1, 1, 1, 1, 1, 1, 0, 0, 0, 0, 0, 0, 0, 0, 0, 0, 0, 0, 0, 0, 0, 0, 0, 0, 0, 0, 0, 0, 0, 0, 1, 1, 0, 1, 1, 0, 0, 0, 0, 0, 0, 0, 0, 0, 0, 0, 0, 0, 0, 0, 0, 0, 0, 0, 0, 0, 0, 0, 0, 0, 0, 0, 0, 0, 0, 0, 0, 0, 0, 0, 0, 0, 0, 0, 0, 0, 0, 0, 0, 0, 0, 1, 1, 0, 1, 1, 0, 0, 0, 0, 0, 0, 0, 0, 0, 0, 0, 0, 0, 0, 0, 0, 0, 0, 0, 0, 0, 0, 0, 0, 0, 0, 0, 0, 0, 0, 0, 0, 0, 0, 0, 0, 0, 0, 0, 0, 0, 1, 1, 1, 1, 1, 1, 1, 0, 1, 1, 1, 1, 1, 1, 1, 1, 0, 1, 1, 1, 1, 1, 1, 1, 1, 1, 1, 1, 1, 1, 1, 1, 1, 0, 1, 1, 1, 1, 1, 1, 1, 1, 1, 1, 1, 1, 1, 1, 1, 0, 0, 1, 1, 1, 1, 1, 1, 1, 0, 1, 1, 1, 1, 1, 1, 1, 1, 0, 1, 1, 1, 1, 1, 1, 1, 1, 1, 1, 1, 1, 1, 1, 1, 1, 0, 1, 1, 1, 1, 1, 1, 1, 1, 1, 1, 1, 1, 1, 1, 1, 0, 0, 1, 1, 1, 0, 0, 1, 1, 0, 1, 1, 0, 0, 0, 1, 1, 1, 0, 1, 1, 0, 0, 1, 1, 1, 0, 0, 1, 1, 1, 0, 1, 1, 1, 0, 1, 1, 0, 0, 0, 0, 1, 0, 0, 0, 0, 0, 0, 1, 1, 0, 0, 1, 1, 1, 0, 0, 1, 1, 0, 1, 1, 0, 0, 0, 1, 1, 1, 1, 1, 1, 0, 0, 0, 0, 0, 0, 0, 1, 1, 1, 0, 1, 1, 1, 1, 1, 1, 0, 0, 0, 0, 1, 0, 0, 0, 0, 0, 0, 1, 1, 0, 0, 1, 1, 1, 0, 0, 1, 1, 0, 1, 1, 0, 0, 0, 1, 1, 1, 1, 1, 1, 0, 0, 1, 1, 1, 0, 0, 1, 1, 1, 0, 0, 0, 0, 0, 0, 0, 0, 0, 0, 0, 1, 0, 0, 0, 0, 1, 1, 1, 1, 0, 0, 1, 1, 1, 0, 0, 0, 0, 0, 0, 0, 0, 0, 0, 0, 0, 0, 0, 0, 0, 0, 0, 1, 1, 1, 0, 0, 1, 1, 1, 0, 0, 0, 0, 0, 0, 0, 0, 0, 0, 0, 1, 0, 0, 0, 0, 1, 1, 1, 1, 0, 0, 1, 1, 1, 0, 0, 1, 1, 1, 1, 1, 0, 0, 0, 1, 1, 1, 1, 1, 1, 0, 0, 1, 1, 1, 0, 0, 0, 0, 0, 0, 0, 0, 0, 0, 0, 0, 0, 0, 0, 0, 0, 0, 0, 0, 0, 0, 0, 1, 1, 0, 0, 1, 1, 1, 0, 0, 1, 1, 1, 1, 1, 0, 0, 0, 1, 1, 1, 0, 1, 1, 0, 0, 1, 1, 1, 0, 0, 1, 1, 1, 0, 1, 1, 1, 1, 1, 1, 0, 0, 0, 0, 0, 0, 0, 0, 0, 0, 0, 1, 1, 0, 0, 1, 1, 1, 1, 1, 1, 1, 1, 1, 1, 1, 1, 1, 1, 1, 1, 0, 1, 1, 1, 1, 1, 1, 1, 1, 1, 1, 1, 1, 1, 1, 1, 1, 0, 1, 1, 1, 1, 1, 1, 0, 0, 0, 1, 1, 1, 1, 1, 1, 0, 0, 1, 1, 1, 1, 1, 1, 1, 1, 1, 1, 1, 1, 1, 1, 1, 1, 0, 1, 1, 1, 1, 1, 1, 1, 1, 1, 1, 1, 1, 1, 1, 1, 1, 0, 1, 1, 1, 1, 1, 1, 0, 0, 0, 1, 1, 1, 1, 1, 1, 0, 0, 0, 0, 0, 0, 0, 0, 0, 0, 0, 0, 0, 0, 0, 0, 0, 0, 0, 0, 0, 0, 0, 0, 0, 0, 0, 0, 0, 0, 0, 0, 0, 0, 0, 0, 0, 0, 0, 0, 0, 1, 0, 0, 0, 1, 0, 0, 0, 0, 0, 0, 0, 0, 0, 0, 0, 0, 0, 0, 0, 0, 0, 0, 0, 0, 0, 0, 0, 0, 0, 0, 0, 0, 0, 0, 0, 0, 0, 0, 0, 0, 0, 0, 0, 0, 0, 0, 0, 0, 0, 0, 1, 0, 0, 0, 1, 0, 0, 0, 0, 0, 0, 0, 0, 0, 0, 0, 0, 0, 0, 0, 0, 0, 0, 0, 0, 0, 0, 0, 0, 0, 0, 0, 0, 0, 0, 0, 0, 0, 0, 0, 0, 0, 0, 0, 0, 0, 1, 1, 1, 1, 1, 1, 0, 0, 0, 1, 1, 1, 1, 1, 1, 0, 0, 0, 0, 0, 0, 0, 0, 0, 0, 0, 0, 0, 0, 0, 0, 0, 0, 0, 0, 0, 0, 0, 0, 0, 0, 0, 0, 0, 0, 0, 0, 0, 0, 0, 0, 1, 1, 1, 1, 1, 1, 0, 0, 0, 1, 1, 1, 1, 1, 1, 0, 0, 0, 0, 0, 0, 0, 0, 0, 0, 0, 0, 0, 0, 0, 0, 0, 0, 0, 0, 0, 0, 0, 0, 0, 0, 0, 0, 0, 0, 0, 0, 0, 0, 0, 0, 1, 1, 0, 0, 0, 0, 0, 0, 0, 0, 0, 0, 0, 1, 1, 0, 0, 0, 0, 0, 0, 0, 0, 0, 0, 0, 0, 0, 0, 0, 0, 0, 0, 0, 0, 0, 0, 0, 0, 0, 0, 0, 0, 0, 0, 0, 0, 0, 0, 0, 0, 1, 1, 0, 0, 0, 0, 0, 0, 0, 0, 0, 0, 0, 1, 1, 0, 0, 0, 0, 0, 0, 0, 0, 0, 0, 0, 0, 0, 0, 0, 0, 0, 0, 0, 0, 0, 0, 0, 0, 0, 0, 0, 0, 0, 0, 0, 0, 0, 0, 0, 0, 1, 1, 0, 0, 0, 0, 0, 0, 0, 0, 0, 0, 0, 1, 1, 0, 0, 0, 0, 0, 0, 0, 0, 0, 0, 0, 0, 0, 0, 0, 0, 0, 0, 0, 0, 0, 0, 0, 0, 0, 0, 0, 0, 0, 0, 0, 0, 0, 0, 0, 0, 1, 1, 0, 0, 0, 0, 0, 0, 0, 0, 0, 0, 0, 1, 1, 0, 0, 0, 0, 0, 0, 0, 0, 0, 0, 0, 0, 0, 0, 0, 0, 0, 0, 0, 0, 0, 0, 0, 0, 0, 0, 0, 0, 0, 0, 0, 0, 0, 0, 0, 0, 1, 1, 0, 0, 0, 0, 0, 0, 0, 0, 0, 0, 0, 1, 1, 0, 0, 0, 0, 0, 0, 0, 0, 0, 0, 0, 0, 0, 0, 0, 0, 0, 0, 0, 0, 0, 0, 0, 0, 0, 0, 0, 0, 0, 0, 0, 0, 0, 0, 0, 0, 1, 1, 0, 0, 0, 0, 0, 0, 0, 0, 0, 0, 0, 1, 1, 0, 0, 0, 0, 0, 0, 0, 0, 0, 0, 0, 0, 0, 0, 0, 0, 0, 0, 0, 0, 0, 0, 0, 0, 0, 0, 0, 0, 0, 0, 0, 0, 0, 0, 0, 0, 1, 1, 1, 1, 1, 1, 1, 1, 1, 1, 1, 1, 1, 1, 1, 0, 0, 0, 0, 0, 0, 0, 0, 0, 0, 0, 0, 0, 0, 0, 0, 0, 0, 0, 0, 0, 0, 0, 0, 0, 0, 0, 0, 0, 0, 0, 0, 0, 0, 0, 0, 1, 1, 1, 1, 1, 1, 1, 1, 1, 1, 1, 1, 1, 1, 1, 0, 0, 0, 0, 0, 0, 0, 0, 0, 0, 0, 0, 0, 0, 0, 0, 0, 0, 0, 0, 0, 0, 0, 0, 0, 0, 0, 0, 0, 0, 0, 0, 0, 0, 0, 0, 0, 0, 0, 0, 0, 0, 0, 0, 0, 0, 0, 0, 0, 0, 0, 0],
         "height":36,
         "name":"Collisions Layer",
         "opacity":1,
         "type":"tilelayer",
         "visible":true,
         "width":51,
         "x":0,
         "y":0
        }, 
        {
         "data":[10, 10, 10, 10, 10, 10, 10, 10, 10, 10, 10, 10, 10, 10, 10, 10, 10, 10, 10, 10, 2372, 2373, 2374, 10, 10, 10, 10, 10, 2372, 2373, 2374, 10, 10, 10, 0, 0, 0, 0, 0, 0, 0, 0, 0, 0, 0, 0, 0, 0, 0, 0, 0, 10, 156, 157, 161, 159, 161, 161, 161, 161, 161, 161, 161, 159, 161, 163, 164, 10, 10, 156, 157, 2445, 2446, 2447, 2573, 2579, 2580, 2575, 2577, 2445, 2446, 2447, 163, 164, 10, 0, 0, 0, 0, 0, 0, 0, 0, 0, 0, 0, 0, 0, 0, 0, 0, 0, 10, 229, 230, 234, 232, 234, 1479, 234, 234, 234, 1547, 234, 232, 234, 236, 237, 10, 10, 229, 230, 2518, 2519, 2520, 2646, 2652, 2653, 2648, 2650, 2518, 2519, 2520, 236, 237, 10, 0, 0, 0, 0, 0, 0, 0, 0, 0, 0, 0, 0, 0, 0, 0, 0, 0, 10, 375, 376, 3221228704, 3221228703, 453, 1552, 453, 453, 453, 453, 453, 3221228704, 3221228703, 382, 383, 10, 10, 375, 376, 2591, 2592, 2593, 2719, 2725, 2726, 2721, 2723, 2591, 2592, 2593, 382, 383, 10, 0, 0, 0, 0, 0, 0, 0, 0, 0, 0, 0, 0, 0, 0, 0, 0, 0, 10, 521, 522, 3221228631, 3221228630, 400, 401, 401, 401, 401, 401, 402, 3221228631, 3221228630, 331, 332, 333, 323, 324, 325, 3156, 3156, 3156, 453, 453, 453, 453, 453, 3156, 3156, 3156, 528, 529, 10, 0, 0, 0, 0, 0, 0, 0, 0, 0, 0, 0, 0, 0, 0, 0, 0, 0, 10, 521, 522, 453, 451, 473, 474, 474, 474, 474, 474, 475, 453, 453, 404, 405, 406, 396, 397, 398, 3156, 453, 453, 453, 453, 453, 453, 453, 453, 453, 3156, 528, 529, 10, 0, 0, 0, 0, 0, 0, 0, 0, 0, 0, 0, 0, 0, 0, 0, 0, 0, 10, 521, 522, 453, 453, 473, 474, 474, 474, 474, 474, 475, 380, 453, 477, 478, 479, 469, 470, 471, 3156, 453, 453, 453, 453, 453, 453, 453, 453, 453, 3156, 528, 529, 10, 0, 0, 0, 0, 0, 0, 0, 0, 0, 0, 0, 0, 0, 0, 0, 0, 0, 10, 521, 522, 3221228704, 3221228703, 546, 547, 547, 547, 547, 547, 548, 3221228704, 3221228703, 550, 551, 552, 542, 543, 544, 3156, 3156, 3156, 453, 453, 453, 453, 453, 3156, 3156, 3156, 528, 529, 10, 0, 0, 0, 0, 0, 0, 0, 0, 0, 0, 0, 0, 0, 0, 0, 0, 0, 10, 375, 376, 3221228631, 3221228630, 453, 453, 453, 453, 453, 453, 451, 3221228631, 3221228630, 623, 624, 625, 615, 616, 617, 2883, 2884, 2885, 3597, 3597, 3601, 3602, 3597, 2883, 2884, 2885, 382, 383, 10, 0, 0, 0, 0, 0, 0, 0, 0, 0, 0, 0, 0, 0, 0, 0, 0, 0, 10, 667, 668, 672, 670, 672, 672, 557, 558, 559, 672, 672, 670, 672, 674, 675, 10, 10, 667, 668, 2956, 2957, 2958, 3670, 3670, 3674, 3675, 3670, 2956, 2957, 2958, 674, 675, 10, 0, 0, 0, 0, 0, 0, 0, 0, 0, 0, 0, 0, 0, 0, 0, 0, 0, 10, 740, 741, 745, 743, 745, 745, 630, 631, 632, 745, 745, 743, 745, 747, 748, 10, 10, 740, 741, 3029, 3030, 3031, 3743, 3743, 3747, 3748, 3743, 3029, 3030, 3031, 747, 748, 10, 0, 0, 0, 0, 0, 0, 0, 0, 0, 0, 0, 0, 0, 0, 0, 0, 0, 10, 10, 10, 10, 10, 10, 10, 10, 10, 10, 10, 10, 10, 10, 10, 10, 10, 10, 10, 10, 3102, 3103, 3104, 10, 10, 10, 10, 10, 3102, 3103, 3104, 10, 10, 10, 0, 0, 0, 0, 0, 0, 0, 0, 0, 0, 0, 0, 0, 0, 0, 0, 0, 10, 10, 10, 10, 10, 10, 10, 10, 10, 10, 10, 10, 10, 10, 10, 10, 10, 10, 10, 10, 10, 10, 10, 10, 10, 10, 10, 10, 10, 10, 10, 10, 10, 10, 10, 10, 10, 10, 10, 10, 10, 10, 10, 10, 10, 10, 10, 10, 10, 10, 10, 10, 156, 157, 161, 1881, 161, 161, 192, 193, 194, 161, 161, 1881, 161, 163, 164, 10, 10, 156, 157, 161, 159, 211, 219, 215, 219, 215, 219, 221, 159, 161, 163, 164, 10, 10, 156, 157, 161, 1881, 161, 161, 803, 161, 161, 1881, 161, 159, 161, 163, 164, 10, 10, 229, 230, 234, 1954, 234, 234, 265, 266, 267, 234, 234, 1954, 234, 236, 237, 10, 10, 229, 230, 234, 232, 284, 292, 288, 292, 288, 292, 294, 232, 234, 236, 237, 10, 10, 229, 230, 234, 1954, 234, 234, 876, 234, 234, 1954, 234, 232, 234, 236, 237, 10, 10, 375, 376, 453, 2027, 453, 168, 170, 606, 170, 172, 453, 2027, 453, 382, 383, 10, 10, 375, 376, 453, 453, 168, 170, 170, 453, 453, 168, 170, 170, 453, 382, 383, 10, 10, 375, 376, 453, 2027, 453, 453, 949, 453, 453, 2027, 453, 453, 453, 382, 383, 10, 10, 521, 522, 453, 378, 379, 314, 316, 606, 752, 318, 380, 453, 453, 528, 529, 10, 10, 521, 522, 453, 378, 608, 608, 608, 453, 378, 314, 752, 318, 453, 331, 332, 333, 323, 324, 325, 453, 453, 379, 453, 1022, 379, 378, 379, 380, 453, 453, 528, 529, 10, 10, 521, 522, 453, 451, 452, 314, 316, 606, 316, 318, 453, 453, 453, 341, 342, 10, 10, 336, 337, 453, 451, 314, 316, 318, 453, 451, 314, 316, 318, 453, 404, 405, 406, 396, 397, 398, 453, 3158, 3159, 453, 1095, 452, 3158, 3159, 453, 510, 511, 512, 513, 10, 10, 521, 522, 453, 453, 453, 608, 608, 606, 606, 606, 379, 380, 453, 414, 415, 10, 10, 409, 410, 453, 453, 314, 316, 318, 379, 380, 314, 316, 318, 453, 477, 478, 479, 469, 470, 471, 453, 3231, 3232, 453, 1168, 453, 3231, 3232, 453, 583, 584, 585, 586, 10, 10, 521, 522, 453, 453, 453, 314, 752, 316, 316, 318, 378, 379, 380, 487, 488, 10, 10, 482, 483, 453, 453, 314, 316, 318, 452, 453, 608, 608, 608, 380, 550, 551, 552, 542, 543, 544, 453, 453, 453, 453, 451, 452, 453, 453, 378, 379, 380, 528, 529, 10, 10, 375, 376, 453, 2173, 453, 460, 462, 462, 462, 464, 451, 2173, 453, 382, 383, 10, 10, 375, 376, 453, 453, 460, 462, 464, 453, 453, 460, 462, 464, 453, 623, 624, 625, 615, 616, 617, 453, 453, 453, 453, 453, 453, 453, 453, 451, 452, 453, 382, 383, 10, 10, 667, 668, 672, 2246, 672, 672, 672, 672, 672, 672, 672, 2246, 672, 674, 675, 10, 10, 667, 668, 672, 1306, 1314, 1314, 1318, 1306, 1314, 1310, 1314, 1316, 672, 674, 675, 10, 10, 667, 668, 672, 670, 672, 691, 692, 693, 694, 695, 672, 670, 672, 674, 675, 10, 10, 740, 741, 745, 2319, 745, 745, 745, 745, 745, 745, 745, 2319, 745, 747, 748, 10, 10, 740, 741, 745, 1379, 1387, 1387, 1391, 1379, 1387, 1383, 1387, 1389, 745, 747, 748, 10, 10, 740, 741, 745, 743, 745, 764, 765, 766, 767, 768, 745, 743, 745, 747, 748, 10, 10, 10, 10, 10, 10, 10, 10, 10, 10, 10, 10, 10, 10, 10, 10, 10, 10, 10, 10, 10, 10, 10, 10, 10, 10, 10, 10, 10, 10, 10, 10, 10, 10, 10, 10, 10, 10, 10, 10, 10, 837, 838, 839, 840, 841, 10, 10, 10, 10, 10, 10, 0, 0, 0, 0, 0, 0, 0, 0, 0, 0, 0, 0, 0, 0, 0, 0, 0, 0, 0, 0, 0, 0, 0, 0, 0, 0, 0, 0, 0, 0, 0, 0, 0, 0, 10, 10, 10, 10, 10, 10, 107, 108, 109, 110, 111, 10, 10, 10, 10, 10, 10, 0, 0, 0, 0, 0, 0, 0, 0, 0, 0, 0, 0, 0, 0, 0, 0, 0, 0, 0, 0, 0, 0, 0, 0, 0, 0, 0, 0, 0, 0, 0, 0, 0, 0, 10, 156, 157, 161, 159, 161, 180, 181, 182, 183, 184, 161, 159, 161, 163, 164, 10, 0, 0, 0, 0, 0, 0, 0, 0, 0, 0, 0, 0, 0, 0, 0, 0, 0, 0, 0, 0, 0, 0, 0, 0, 0, 0, 0, 0, 0, 0, 0, 0, 0, 0, 10, 229, 230, 234, 232, 1547, 253, 254, 255, 256, 257, 1479, 232, 234, 236, 237, 10, 0, 0, 0, 0, 0, 0, 0, 0, 0, 0, 0, 0, 0, 0, 0, 0, 0, 0, 0, 0, 0, 0, 0, 0, 0, 0, 0, 0, 0, 0, 0, 0, 0, 0, 10, 375, 376, 453, 453, 453, 453, 453, 453, 453, 453, 1552, 453, 453, 382, 383, 10, 0, 0, 0, 0, 0, 0, 0, 0, 0, 0, 0, 0, 0, 0, 0, 0, 0, 0, 0, 0, 0, 0, 0, 0, 0, 0, 0, 0, 0, 0, 0, 0, 0, 0, 10, 521, 522, 453, 378, 379, 380, 453, 453, 378, 379, 380, 453, 453, 528, 529, 10, 0, 0, 0, 0, 0, 0, 0, 0, 0, 0, 0, 0, 0, 0, 0, 0, 0, 0, 0, 0, 0, 0, 0, 0, 0, 0, 0, 0, 0, 0, 0, 0, 0, 0, 2784, 2785, 2786, 2787, 451, 452, 453, 453, 453, 451, 452, 973, 453, 2801, 2802, 2803, 2804, 0, 0, 0, 0, 0, 0, 0, 0, 0, 0, 0, 0, 0, 0, 0, 0, 0, 0, 0, 0, 0, 0, 0, 0, 0, 0, 0, 0, 0, 0, 0, 0, 0, 0, 2857, 2858, 2859, 2860, 453, 453, 973, 973, 973, 973, 973, 1265, 1121, 2874, 2875, 2876, 2877, 0, 0, 0, 0, 0, 0, 0, 0, 0, 0, 0, 0, 0, 0, 0, 0, 0, 0, 0, 0, 0, 0, 0, 0, 0, 0, 0, 0, 0, 0, 0, 0, 0, 0, 10, 521, 522, 453, 973, 973, 1265, 1265, 1265, 1265, 1265, 1265, 1265, 973, 528, 529, 10, 0, 0, 0, 0, 0, 0, 0, 0, 0, 0, 0, 0, 0, 0, 0, 0, 0, 0, 0, 0, 0, 0, 0, 0, 0, 0, 0, 0, 0, 0, 0, 0, 0, 0, 10, 375, 376, 453, 1117, 1265, 1265, 1265, 1411, 1411, 1411, 1411, 1265, 1121, 382, 383, 10, 0, 0, 0, 0, 0, 0, 0, 0, 0, 0, 0, 0, 0, 0, 0, 0, 0, 0, 0, 0, 0, 0, 0, 0, 0, 0, 0, 0, 0, 0, 0, 0, 0, 0, 10, 667, 668, 672, 670, 672, 672, 672, 672, 672, 672, 672, 670, 672, 674, 675, 10, 0, 0, 0, 0, 0, 0, 0, 0, 0, 0, 0, 0, 0, 0, 0, 0, 0, 0, 0, 0, 0, 0, 0, 0, 0, 0, 0, 0, 0, 0, 0, 0, 0, 0, 10, 740, 741, 745, 743, 745, 745, 745, 745, 745, 745, 745, 743, 745, 747, 748, 10, 0, 0, 0, 0, 0, 0, 0, 0, 0, 0, 0, 0, 0, 0, 0, 0, 0, 0, 0, 0, 0, 0, 0, 0, 0, 0, 0, 0, 0, 0, 0, 0, 0, 0, 10, 10, 10, 10, 10, 10, 10, 10, 10, 10, 10, 10, 10, 10, 10, 10, 10],
         "height":36,
         "name":"Main Layer",
         "opacity":1,
         "type":"tilelayer",
         "visible":true,
         "width":51,
         "x":0,
         "y":0
        }, 
        {
         "data":[0, 0, 0, 0, 0, 0, 0, 0, 0, 0, 0, 0, 0, 0, 0, 0, 0, 0, 0, 0, 0, 0, 0, 0, 0, 0, 0, 0, 0, 0, 0, 0, 0, 0, 0, 0, 0, 0, 0, 0, 0, 0, 0, 0, 0, 0, 0, 0, 0, 0, 0, 0, 0, 0, 0, 0, 0, 0, 0, 0, 0, 0, 0, 0, 0, 0, 0, 0, 0, 0, 0, 0, 0, 0, 0, 0, 0, 0, 0, 0, 0, 0, 0, 0, 0, 0, 0, 0, 0, 0, 0, 0, 0, 0, 0, 0, 0, 0, 0, 0, 0, 0, 0, 0, 0, 0, 0, 0, 0, 0, 0, 0, 0, 0, 0, 0, 0, 0, 0, 0, 0, 0, 0, 0, 0, 0, 0, 0, 0, 0, 0, 0, 0, 0, 0, 0, 0, 0, 0, 0, 0, 0, 0, 0, 0, 0, 0, 0, 0, 0, 0, 0, 0, 0, 0, 0, 0, 0, 0, 0, 0, 0, 0, 0, 0, 0, 0, 0, 0, 0, 0, 0, 0, 0, 0, 0, 0, 0, 0, 0, 0, 0, 0, 0, 0, 0, 0, 0, 0, 0, 0, 0, 0, 0, 0, 0, 0, 0, 0, 0, 0, 0, 0, 0, 0, 0, 0, 0, 0, 0, 0, 0, 0, 0, 0, 0, 0, 0, 0, 4053, 4054, 4044, 4045, 0, 0, 0, 0, 0, 0, 0, 0, 0, 0, 0, 0, 0, 0, 0, 0, 0, 0, 0, 0, 0, 0, 0, 0, 0, 0, 0, 0, 0, 0, 0, 0, 0, 0, 0, 0, 0, 0, 0, 0, 0, 0, 0, 0, 0, 0, 0, 4076, 4077, 4067, 4068, 0, 0, 0, 0, 0, 0, 0, 0, 0, 0, 0, 0, 0, 0, 0, 0, 0, 0, 0, 0, 0, 0, 0, 0, 0, 0, 0, 0, 0, 0, 0, 0, 0, 0, 0, 0, 0, 0, 0, 0, 0, 0, 0, 0, 0, 0, 0, 4099, 4100, 4090, 4091, 0, 0, 0, 0, 0, 0, 0, 0, 0, 0, 0, 0, 0, 0, 0, 0, 0, 0, 0, 0, 0, 0, 0, 0, 0, 0, 0, 0, 0, 0, 0, 0, 0, 0, 0, 0, 0, 0, 0, 0, 0, 0, 0, 0, 0, 0, 0, 4122, 4123, 4113, 4114, 0, 0, 0, 0, 0, 0, 0, 0, 0, 0, 0, 0, 0, 0, 0, 0, 0, 0, 0, 0, 0, 0, 0, 0, 0, 0, 0, 0, 0, 0, 0, 0, 0, 0, 0, 0, 0, 0, 0, 0, 0, 0, 0, 0, 0, 0, 0, 4145, 4146, 4136, 4137, 0, 0, 0, 0, 0, 0, 0, 0, 0, 0, 0, 0, 0, 0, 0, 0, 0, 0, 0, 0, 0, 0, 0, 0, 0, 0, 0, 0, 0, 0, 0, 0, 0, 0, 0, 0, 0, 0, 0, 0, 0, 0, 0, 0, 0, 0, 0, 0, 0, 0, 0, 0, 0, 0, 0, 0, 0, 0, 0, 0, 0, 0, 0, 0, 0, 0, 0, 0, 0, 0, 0, 0, 0, 0, 0, 0, 0, 0, 0, 0, 0, 0, 0, 0, 0, 0, 0, 0, 0, 0, 4151, 4152, 4153, 0, 0, 0, 0, 0, 0, 0, 0, 0, 0, 0, 0, 0, 0, 0, 0, 0, 0, 0, 0, 0, 0, 0, 0, 0, 0, 0, 0, 0, 0, 0, 0, 0, 0, 0, 0, 0, 0, 0, 0, 0, 0, 0, 0, 0, 0, 0, 0, 10, 10, 10, 0, 0, 0, 0, 0, 0, 0, 0, 0, 0, 0, 0, 0, 0, 0, 0, 0, 0, 0, 0, 0, 0, 0, 0, 0, 0, 0, 0, 0, 0, 0, 0, 0, 0, 0, 0, 0, 0, 0, 0, 0, 0, 0, 0, 0, 0, 0, 0, 10, 10, 10, 0, 0, 0, 0, 0, 0, 0, 0, 0, 0, 0, 0, 0, 0, 0, 0, 0, 0, 0, 0, 0, 0, 0, 0, 0, 0, 0, 0, 0, 0, 0, 0, 0, 0, 0, 0, 0, 0, 0, 0, 0, 0, 0, 0, 0, 0, 0, 0, 4013, 4014, 4015, 0, 0, 0, 0, 0, 0, 0, 0, 0, 0, 0, 0, 0, 0, 0, 0, 0, 0, 0, 0, 0, 0, 0, 0, 0, 0, 0, 0, 0, 0, 0, 0, 0, 0, 0, 0, 0, 0, 0, 0, 0, 0, 0, 0, 0, 0, 0, 0, 0, 0, 0, 0, 0, 0, 0, 0, 0, 0, 0, 0, 0, 0, 0, 0, 0, 0, 0, 0, 0, 0, 0, 0, 0, 0, 0, 0, 0, 0, 0, 0, 0, 0, 0, 0, 0, 0, 0, 0, 0, 0, 0, 0, 0, 0, 0, 0, 0, 0, 0, 0, 0, 0, 0, 0, 0, 0, 0, 0, 0, 0, 0, 0, 0, 0, 0, 0, 0, 0, 0, 0, 0, 0, 0, 0, 0, 0, 0, 0, 0, 0, 0, 0, 0, 0, 0, 0, 0, 0, 0, 0, 0, 0, 0, 0, 0, 0, 0, 0, 0, 0, 0, 0, 0, 0, 0, 0, 0, 0, 0, 0, 0, 0, 0, 0, 0, 0, 0, 0, 0, 0, 0, 0, 0, 0, 0, 4053, 4054, 4044, 4045, 0, 0, 0, 0, 0, 0, 0, 0, 0, 0, 0, 0, 0, 0, 0, 0, 0, 0, 0, 0, 0, 0, 0, 0, 0, 0, 0, 0, 0, 0, 4063, 10, 10, 4057, 0, 0, 0, 0, 0, 0, 0, 0, 0, 0, 0, 0, 0, 4076, 4077, 4067, 4068, 0, 0, 0, 0, 0, 0, 0, 0, 0, 0, 0, 0, 0, 0, 0, 0, 0, 0, 0, 0, 0, 0, 0, 0, 0, 0, 0, 0, 0, 0, 4086, 10, 10, 4080, 0, 0, 0, 0, 0, 0, 0, 0, 0, 0, 0, 0, 0, 4099, 4100, 4090, 4091, 0, 0, 0, 0, 0, 0, 0, 0, 0, 0, 0, 0, 0, 0, 0, 0, 0, 0, 0, 0, 0, 0, 0, 0, 0, 0, 0, 0, 0, 0, 4109, 10, 10, 4103, 0, 0, 0, 0, 0, 0, 0, 0, 0, 0, 0, 0, 0, 4122, 4123, 4113, 4114, 0, 0, 0, 0, 0, 0, 0, 0, 0, 0, 0, 0, 0, 0, 0, 0, 0, 0, 0, 0, 0, 0, 0, 0, 0, 0, 0, 0, 0, 0, 0, 0, 0, 0, 0, 0, 0, 0, 0, 0, 0, 0, 0, 0, 0, 0, 0, 4145, 4146, 4136, 4137, 0, 0, 0, 0, 0, 0, 0, 0, 0, 0, 0, 0, 0, 0, 0, 0, 0, 0, 0, 0, 0, 0, 0, 0, 0, 0, 0, 0, 0, 0, 0, 0, 0, 0, 0, 0, 0, 0, 0, 0, 0, 0, 0, 0, 0, 0, 0, 0, 0, 0, 0, 0, 0, 0, 0, 0, 0, 0, 0, 0, 0, 0, 0, 0, 0, 0, 0, 0, 0, 0, 0, 0, 0, 0, 0, 0, 0, 0, 0, 0, 0, 0, 0, 0, 0, 0, 0, 0, 0, 0, 0, 0, 0, 0, 0, 0, 0, 0, 0, 0, 0, 0, 0, 0, 0, 0, 4185, 4186, 4187, 4188, 4189, 0, 0, 0, 0, 0, 0, 0, 0, 0, 0, 0, 0, 0, 0, 0, 0, 0, 0, 0, 0, 0, 0, 0, 0, 0, 0, 0, 0, 0, 0, 0, 0, 0, 0, 0, 0, 0, 0, 0, 0, 0, 0, 0, 0, 0, 0, 4208, 4209, 4210, 4211, 4212, 0, 0, 0, 0, 0, 0, 0, 0, 0, 0, 0, 0, 0, 0, 0, 0, 0, 0, 0, 0, 0, 0, 0, 0, 0, 0, 0, 0, 0, 0, 0, 0, 0, 0, 0, 0, 0, 0, 0, 0, 0, 0, 0, 0, 0, 0, 3978, 3979, 3980, 3981, 3982, 0, 0, 0, 0, 0, 0, 0, 0, 0, 0, 0, 0, 0, 0, 0, 0, 0, 0, 0, 0, 0, 0, 0, 0, 0, 0, 0, 0, 0, 0, 0, 0, 0, 0, 0, 0, 0, 0, 0, 0, 0, 0, 0, 0, 0, 0, 4001, 4002, 4003, 4004, 4005, 0, 0, 0, 0, 0, 0, 0, 0, 0, 0, 0, 0, 0, 0, 0, 0, 0, 0, 0, 0, 0, 0, 0, 0, 0, 0, 0, 0, 0, 0, 0, 0, 0, 0, 0, 0, 0, 0, 0, 0, 0, 0, 0, 0, 0, 0, 0, 0, 0, 0, 0, 0, 0, 0, 0, 0, 0, 0, 0, 0, 0, 0, 0, 0, 0, 0, 0, 0, 0, 0, 0, 0, 0, 0, 0, 0, 0, 0, 0, 0, 0, 0, 0, 0, 0, 0, 0, 0, 0, 0, 0, 0, 0, 0, 0, 0, 0, 0, 0, 0, 0, 0, 0, 0, 0, 0, 0, 0, 0, 0, 0, 0, 0, 0, 0, 0, 0, 0, 0, 0, 0, 0, 0, 0, 0, 0, 0, 0, 0, 0, 0, 0, 0, 0, 0, 0, 0, 0, 0, 0, 0, 0, 0, 0, 0, 0, 0, 0, 0, 0, 0, 0, 0, 0, 0, 0, 0, 0, 0, 0, 0, 0, 0, 0, 0, 0, 0, 0, 0, 0, 0, 0, 0, 0, 0, 0, 0, 0, 0, 0, 0, 0, 0, 0, 0, 0, 0, 0, 0, 0, 0, 0, 0, 0, 0, 0, 0, 0, 0, 0, 0, 0, 0, 0, 0, 0, 0, 0, 0, 0, 0, 0, 0, 0, 0, 0, 0, 0, 0, 0, 0, 0, 0, 0, 0, 0, 0, 0, 0, 0, 0, 0, 0, 0, 0, 0, 0, 0, 0, 0, 0, 0, 0, 0, 0, 0, 0, 0, 0, 0, 0, 0, 0, 0, 0, 0, 0, 0, 0, 0, 0, 0, 0, 0, 0, 0, 0, 0, 0, 0, 0, 0, 0, 0, 0, 0, 0, 0, 0, 0, 0, 0, 0, 0, 0, 0, 0, 0, 0, 0, 0, 0, 0, 0, 0, 0, 0, 0, 0, 0, 0, 0, 0, 0, 0, 0, 0, 0, 0, 0, 0, 0, 0, 0, 0, 0, 0, 0, 0, 0, 0, 0, 0, 0, 0, 0, 0, 0, 0, 0, 0, 0, 0, 0, 0, 0, 0, 0, 0, 0, 0, 0, 0, 0, 0, 0, 0, 0, 0, 0, 0, 0, 0, 0, 0, 0, 0, 0, 0, 0, 0, 0, 0, 0, 0, 0, 0, 0, 0, 0, 0, 0, 0, 0, 0, 0, 0, 0, 0, 0, 0, 0, 0, 0, 0, 0, 0, 0, 0, 0, 0, 0, 0, 0, 0, 0, 0, 0, 0, 0, 0, 0, 0, 0, 0, 0, 0, 0, 0, 0, 0, 0, 0, 0, 0, 0, 0, 0, 0, 0, 0, 0, 0, 0, 0, 0, 0, 0, 0, 0, 0, 0, 0, 0, 0, 0, 0, 0, 0, 0, 0, 0, 0, 0, 0, 0, 0, 0, 0, 0, 0, 0, 0, 0, 0, 0, 0, 0, 0, 0, 0, 0, 0, 0, 0, 0, 0, 0, 0, 0, 0, 0, 0, 0, 0, 0, 0, 0, 0, 0, 0, 0, 0, 0, 0, 0, 0, 0, 0, 0, 0, 0, 0, 0, 0, 0, 0, 0, 0, 0, 0, 0, 0, 0, 0, 0, 0, 0, 0, 0, 0, 0, 0, 0, 0, 0],
         "height":36,
         "name":"Foreground Layer",
         "opacity":1,
         "type":"tilelayer",
         "visible":true,
         "width":51,
         "x":0,
         "y":0
        }, 
        {
         "draworder":"topdown",
         "name":"Object Layer",
         "objects":[
                {
                 "gid":6,
                 "height":16,
                 "id":10,
                 "name":"",
                 "rotation":0,
                 "type":"slime",
                 "visible":true,
                 "width":16,
                 "x":368,
                 "y":96
                }, 
                {
                 "gid":6,
                 "height":16,
                 "id":12,
                 "name":"",
                 "rotation":0,
                 "type":"slime",
                 "visible":true,
                 "width":16,
                 "x":199,
                 "y":304
                }, 
                {
                 "gid":6,
                 "height":16,
                 "id":13,
                 "name":"",
                 "properties":
                    {
                     "vertical":true
                    },
                 "propertytypes":
                    {
                     "vertical":"bool"
                    },
                 "rotation":0,
                 "type":"skull",
                 "visible":true,
                 "width":16,
                 "x":407.5,
                 "y":295.5
                }, 
                {
                 "gid":7,
                 "height":16,
                 "id":17,
                 "name":"",
                 "rotation":0,
                 "type":"pot",
                 "visible":true,
                 "width":16,
                 "x":48,
                 "y":64
                }, 
                {
                 "gid":7,
                 "height":16,
                 "id":20,
                 "name":"",
                 "rotation":0,
                 "type":"pot",
                 "visible":true,
                 "width":16,
                 "x":48,
                 "y":144
                }, 
                {
                 "gid":7,
                 "height":16,
                 "id":21,
                 "name":"",
                 "rotation":0,
                 "type":"pot",
                 "visible":true,
                 "width":16,
                 "x":80,
                 "y":288
                }, 
                {
                 "gid":7,
                 "height":16,
                 "id":23,
                 "name":"",
                 "rotation":0,
                 "type":"pot",
                 "visible":true,
                 "width":16,
                 "x":80,
                 "y":304
                }, 
                {
                 "gid":7,
                 "height":16,
                 "id":24,
                 "name":"",
                 "rotation":0,
                 "type":"pot",
                 "visible":true,
                 "width":16,
                 "x":64,
                 "y":288
                }, 
                {
                 "gid":7,
                 "height":16,
                 "id":25,
                 "name":"",
                 "rotation":0,
                 "type":"pot",
                 "visible":true,
                 "width":16,
                 "x":176,
                 "y":304
                }, 
                {
                 "gid":7,
                 "height":16,
                 "id":26,
                 "name":"",
                 "rotation":0,
                 "type":"pot",
                 "visible":true,
                 "width":16,
                 "x":208,
                 "y":144
                }, 
                {
                 "gid":7,
                 "height":16,
                 "id":27,
                 "name":"",
                 "rotation":0,
                 "type":"pot",
                 "visible":true,
                 "width":16,
                 "x":208,
                 "y":64
                }, 
                {
                 "gid":7,
                 "height":16,
                 "id":28,
                 "name":"",
                 "rotation":0,
                 "type":"pot",
                 "visible":true,
                 "width":16,
                 "x":208,
                 "y":256
                }, 
                {
                 "gid":6,
                 "height":16,
                 "id":29,
                 "name":"",
                 "rotation":0,
                 "type":"slime",
                 "visible":true,
                 "width":16,
                 "x":447,
                 "y":97.5
                }, 
                {
                 "gid":6,
                 "height":16,
                 "id":30,
                 "name":"",
                 "rotation":0,
                 "type":"slime",
                 "visible":true,
                 "width":16,
                 "x":612.5,
                 "y":506.5
                }, 
                {
                 "gid":6,
                 "height":16,
                 "id":31,
                 "name":"",
                 "rotation":0,
                 "type":"slime",
                 "visible":true,
                 "width":16,
                 "x":721.5,
                 "y":505
                }, 
                {
                 "gid":7,
                 "height":16,
                 "id":32,
                 "name":"",
                 "rotation":0,
                 "type":"pot",
                 "visible":true,
                 "width":16,
                 "x":640,
                 "y":528
                }, 
                {
                 "gid":7,
                 "height":16,
                 "id":33,
                 "name":"",
                 "rotation":0,
                 "type":"pot",
                 "visible":true,
                 "width":16,
                 "x":704,
                 "y":448
                }, 
                {
                 "gid":7,
                 "height":16,
                 "id":34,
                 "name":"",
                 "rotation":0,
                 "type":"pot",
                 "visible":true,
                 "width":16,
                 "x":640,
                 "y":480
                }, 
                {
                 "gid":7,
                 "height":16,
                 "id":35,
                 "name":"",
                 "rotation":0,
                 "type":"pot",
                 "visible":true,
                 "width":16,
                 "x":640,
                 "y":512
                }, 
                {
                 "gid":7,
                 "height":16,
                 "id":36,
                 "name":"",
                 "rotation":0,
                 "type":"pot",
                 "visible":true,
                 "width":16,
                 "x":640,
                 "y":496
                }, 
                {
                 "gid":7,
                 "height":16,
                 "id":37,
                 "name":"",
                 "rotation":0,
                 "type":"pot",
                 "visible":true,
                 "width":16,
                 "x":656,
                 "y":480
                }, 
                {
                 "gid":7,
                 "height":16,
                 "id":38,
                 "name":"",
                 "rotation":0,
                 "type":"pot",
                 "visible":true,
                 "width":16,
                 "x":672,
                 "y":480
                }, 
                {
                 "gid":7,
                 "height":16,
                 "id":39,
                 "name":"",
                 "rotation":0,
                 "type":"pot",
                 "visible":true,
                 "width":16,
                 "x":688,
                 "y":480
                }, 
                {
                 "gid":7,
                 "height":16,
                 "id":40,
                 "name":"",
                 "rotation":0,
                 "type":"pot",
                 "visible":true,
                 "width":16,
                 "x":704,
                 "y":480
                }, 
                {
                 "gid":7,
                 "height":16,
                 "id":41,
                 "name":"",
                 "rotation":0,
                 "type":"pot",
                 "visible":true,
                 "width":16,
                 "x":704,
                 "y":464
                }, 
                {
                 "gid":6,
                 "height":16,
                 "id":42,
                 "name":"",
                 "properties":
                    {
                     "vertical":true
                    },
                 "propertytypes":
                    {
                     "vertical":"bool"
                    },
                 "rotation":0,
                 "type":"skull",
                 "visible":true,
                 "width":16,
                 "x":332,
                 "y":328.5
                }, 
                {
                 "gid":6,
                 "height":16,
                 "id":43,
                 "name":"",
                 "properties":
                    {
                     "vertical":false
                    },
                 "propertytypes":
                    {
                     "vertical":"bool"
                    },
                 "rotation":0,
                 "type":"skull",
                 "visible":true,
                 "width":16,
                 "x":663.5,
                 "y":327
                }, 
                {
                 "gid":6,
                 "height":16,
                 "id":44,
                 "name":"",
                 "rotation":0,
                 "type":"slime",
                 "visible":true,
                 "width":16,
                 "x":618.5,
                 "y":281.5
                }, 
                {
                 "gid":6,
                 "height":16,
                 "id":45,
                 "name":"",
                 "rotation":0,
                 "type":"slime",
                 "visible":true,
                 "width":16,
                 "x":733,
                 "y":268.5
                }, 
                {
                 "gid":6,
                 "height":16,
                 "id":46,
                 "name":"",
                 "rotation":0,
                 "type":"slime",
                 "visible":true,
                 "width":16,
                 "x":734,
                 "y":332.5
                }],
         "opacity":1,
         "type":"objectgroup",
         "visible":true,
         "x":0,
         "y":0
        }],
 "nextobjectid":47,
 "orientation":"orthogonal",
 "renderorder":"right-down",
 "tiledversion":"1.0.3",
 "tileheight":16,
 "tilesets":[
        {
         "columns":8,
         "firstgid":1,
         "image":"..\/environment\/collisions.png",
         "imageheight":16,
         "imagewidth":128,
         "margin":0,
         "name":"collisions",
         "spacing":0,
         "tilecount":8,
         "tileheight":16,
         "tilewidth":16
        }, 
        {
         "columns":73,
         "firstgid":9,
         "image":"..\/environment\/tileset.png",
         "imageheight":864,
         "imagewidth":1168,
         "margin":0,
         "name":"tileset",
         "spacing":0,
         "tilecount":3942,
         "tileheight":16,
         "tilewidth":16
        }, 
        {
         "columns":23,
         "firstgid":3951,
         "image":"..\/environment\/tileset-foreground.png",
         "imageheight":352,
         "imagewidth":368,
         "margin":0,
         "name":"tileset-foreground",
         "spacing":0,
         "tilecount":506,
         "tileheight":16,
         "tilewidth":16
        }],
 "tilewidth":16,
 "type":"map",
 "version":1,
 "width":51
}