{"frames": [

{
	"filename": "banner",
	"frame": {"x":92,"y":36,"w":25,"h":23},
	"rotated": false,
	"trimmed": false,
	"spriteSourceSize": {"x":0,"y":0,"w":25,"h":23},
	"sourceSize": {"w":25,"h":23},
	"pivot": {"x":0.5,"y":0.5}
},
{
	"filename": "big-chest-closed",
	"frame": {"x":0,"y":61,"w":32,"h":25},
	"rotated": false,
	"trimmed": false,
	"spriteSourceSize": {"x":0,"y":0,"w":32,"h":25},
	"sourceSize": {"w":32,"h":25},
	"pivot": {"x":0.5,"y":0.5}
},
{
	"filename": "big-chest-opened",
	"frame": {"x":34,"y":61,"w":32,"h":25},
	"rotated": false,
	"trimmed": false,
	"spriteSourceSize": {"x":0,"y":0,"w":32,"h":25},
	"sourceSize": {"w":32,"h":25},
	"pivot": {"x":0.5,"y":0.5}
},
{
	"filename": "big-stairs-closed",
	"frame": {"x":86,"y":61,"w":32,"h":32},
	"rotated": false,
	"trimmed": false,
	"spriteSourceSize": {"x":0,"y":0,"w":32,"h":32},
	"sourceSize": {"w":32,"h":32},
	"pivot": {"x":0.5,"y":0.5}
},
{
	"filename": "big-stairs-down",
	"frame": {"x":34,"y":95,"w":32,"h":32},
	"rotated": false,
	"trimmed": false,
	"spriteSourceSize": {"x":0,"y":0,"w":32,"h":32},
	"sourceSize": {"w":32,"h":32},
	"pivot": {"x":0.5,"y":0.5}
},
{
	"filename": "big-stairs-up",
	"frame": {"x":0,"y":95,"w":32,"h":32},
	"rotated": false,
	"trimmed": false,
	"spriteSourceSize": {"x":0,"y":0,"w":32,"h":32},
	"sourceSize": {"w":32,"h":32},
	"pivot": {"x":0.5,"y":0.5}
},
{
	"filename": "block",
	"frame": {"x":54,"y":36,"w":16,"h":16},
	"rotated": false,
	"trimmed": false,
	"spriteSourceSize": {"x":0,"y":0,"w":16,"h":16},
	"sourceSize": {"w":16,"h":16},
	"pivot": {"x":0.5,"y":0.5}
},
{
	"filename": "chest-closed",
	"frame": {"x":36,"y":36,"w":16,"h":16},
	"rotated": false,
	"trimmed": false,
	"spriteSourceSize": {"x":0,"y":0,"w":16,"h":16},
	"sourceSize": {"w":16,"h":16},
	"pivot": {"x":0.5,"y":0.5}
},
{
	"filename": "chest-opened",
	"frame": {"x":18,"y":36,"w":16,"h":16},
	"rotated": false,
	"trimmed": false,
	"spriteSourceSize": {"x":0,"y":0,"w":16,"h":16},
	"sourceSize": {"w":16,"h":16},
	"pivot": {"x":0.5,"y":0.5}
},
{
	"filename": "column-short-1",
	"frame": {"x":68,"y":95,"w":42,"h":54},
	"rotated": false,
	"trimmed": false,
	"spriteSourceSize": {"x":0,"y":0,"w":42,"h":54},
	"sourceSize": {"w":42,"h":54},
	"pivot": {"x":0.5,"y":0.5}
},
{
	"filename": "column-short-2",
	"frame": {"x":0,"y":151,"w":42,"h":60},
	"rotated": false,
	"trimmed": false,
	"spriteSourceSize": {"x":0,"y":0,"w":42,"h":60},
	"sourceSize": {"w":42,"h":60},
	"pivot": {"x":0.5,"y":0.5}
},
{
	"filename": "column-tall",
	"frame": {"x":44,"y":151,"w":42,"h":82},
	"rotated": false,
	"trimmed": false,
	"spriteSourceSize": {"x":0,"y":0,"w":42,"h":82},
	"sourceSize": {"w":42,"h":82},
	"pivot": {"x":0.5,"y":0.5}
},
{
	"filename": "crank-left",
	"frame": {"x":18,"y":0,"w":16,"h":16},
	"rotated": false,
	"trimmed": false,
	"spriteSourceSize": {"x":0,"y":0,"w":16,"h":16},
	"sourceSize": {"w":16,"h":16},
	"pivot": {"x":0.5,"y":0.5}
},
{
	"filename": "crank-right",
	"frame": {"x":90,"y":18,"w":16,"h":16},
	"rotated": false,
	"trimmed": false,
	"spriteSourceSize": {"x":0,"y":0,"w":16,"h":16},
	"sourceSize": {"w":16,"h":16},
	"pivot": {"x":0.5,"y":0.5}
},
{
	"filename": "crate",
	"frame": {"x":72,"y":36,"w":18,"h":19},
	"rotated": false,
	"trimmed": false,
	"spriteSourceSize": {"x":0,"y":0,"w":18,"h":19},
	"sourceSize": {"w":18,"h":19},
	"pivot": {"x":0.5,"y":0.5}
},
{
	"filename": "lamp",
	"frame": {"x":68,"y":61,"w":16,"h":26},
	"rotated": false,
	"trimmed": false,
	"spriteSourceSize": {"x":0,"y":0,"w":16,"h":26},
	"sourceSize": {"w":16,"h":26},
	"pivot": {"x":0.5,"y":0.5}
},
{
	"filename": "pot",
	"frame": {"x":54,"y":0,"w":16,"h":16},
	"rotated": false,
	"trimmed": false,
	"spriteSourceSize": {"x":0,"y":0,"w":16,"h":16},
	"sourceSize": {"w":16,"h":16},
	"pivot": {"x":0.5,"y":0.5}
},
{
	"filename": "rocks-1",
	"frame": {"x":72,"y":0,"w":16,"h":16},
	"rotated": false,
	"trimmed": false,
	"spriteSourceSize": {"x":0,"y":0,"w":16,"h":16},
	"sourceSize": {"w":16,"h":16},
	"pivot": {"x":0.5,"y":0.5}
},
{
	"filename": "rocks-2",
	"frame": {"x":36,"y":0,"w":16,"h":16},
	"rotated": false,
	"trimmed": false,
	"spriteSourceSize": {"x":0,"y":0,"w":16,"h":16},
	"sourceSize": {"w":16,"h":16},
	"pivot": {"x":0.5,"y":0.5}
},
{
	"filename": "shield",
	"frame": {"x":0,"y":0,"w":16,"h":16},
	"rotated": false,
	"trimmed": false,
	"spriteSourceSize": {"x":0,"y":0,"w":16,"h":16},
	"sourceSize": {"w":16,"h":16},
	"pivot": {"x":0.5,"y":0.5}
},
{
	"filename": "switch-floor-buttom-down",
	"frame": {"x":90,"y":0,"w":16,"h":16},
	"rotated": false,
	"trimmed": false,
	"spriteSourceSize": {"x":0,"y":0,"w":16,"h":16},
	"sourceSize": {"w":16,"h":16},
	"pivot": {"x":0.5,"y":0.5}
},
{
	"filename": "switch-floor-buttom-up",
	"frame": {"x":18,"y":18,"w":16,"h":16},
	"rotated": false,
	"trimmed": false,
	"spriteSourceSize": {"x":0,"y":0,"w":16,"h":16},
	"sourceSize": {"w":16,"h":16},
	"pivot": {"x":0.5,"y":0.5}
},
{
	"filename": "switch-slate-down",
	"frame": {"x":54,"y":18,"w":16,"h":16},
	"rotated": false,
	"trimmed": false,
	"spriteSourceSize": {"x":0,"y":0,"w":16,"h":16},
	"sourceSize": {"w":16,"h":16},
	"pivot": {"x":0.5,"y":0.5}
},
{
	"filename": "switch-slate-up",
	"frame": {"x":72,"y":18,"w":16,"h":16},
	"rotated": false,
	"trimmed": false,
	"spriteSourceSize": {"x":0,"y":0,"w":16,"h":16},
	"sourceSize": {"w":16,"h":16},
	"pivot": {"x":0.5,"y":0.5}
},
{
	"filename": "switch-wall-buttom-down",
	"frame": {"x":36,"y":18,"w":16,"h":16},
	"rotated": false,
	"trimmed": false,
	"spriteSourceSize": {"x":0,"y":0,"w":16,"h":16},
	"sourceSize": {"w":16,"h":16},
	"pivot": {"x":0.5,"y":0.5}
},
{
	"filename": "switch-wall-buttom-up",
	"frame": {"x":0,"y":18,"w":16,"h":16},
	"rotated": false,
	"trimmed": false,
	"spriteSourceSize": {"x":0,"y":0,"w":16,"h":16},
	"sourceSize": {"w":16,"h":16},
	"pivot": {"x":0.5,"y":0.5}
},
{
	"filename": "swords",
	"frame": {"x":0,"y":36,"w":16,"h":16},
	"rotated": false,
	"trimmed": false,
	"spriteSourceSize": {"x":0,"y":0,"w":16,"h":16},
	"sourceSize": {"w":16,"h":16},
	"pivot": {"x":0.5,"y":0.5}
}],
"meta": {
	"app": "http://www.codeandweb.com/texturepacker",
	"version": "1.0",
	"image": "atlas-props.png",
	"format": "RGBA8888",
	"size": {"w":120,"h":233},
	"scale": "1",
	"smartupdate": "$TexturePacker:SmartUpdate:94534fb5abf55af71f1ff856f6d19ec0:60d596f3ccdcd8f30addfdb4961f7b00:7367abe05465f33555345994fbb3342e$"
}
}
