{"frames": [

{
	"filename": "attack/back-attack/hero-female-back-attack-1",
	"frame": {"x":0,"y":0,"w":32,"h":32},
	"rotated": false,
	"trimmed": false,
	"spriteSourceSize": {"x":0,"y":0,"w":32,"h":32},
	"sourceSize": {"w":32,"h":32},
	"pivot": {"x":0.5,"y":0.5}
},
{
	"filename": "attack/back-attack/hero-female-back-attack-2",
	"frame": {"x":34,"y":0,"w":32,"h":32},
	"rotated": false,
	"trimmed": false,
	"spriteSourceSize": {"x":0,"y":0,"w":32,"h":32},
	"sourceSize": {"w":32,"h":32},
	"pivot": {"x":0.5,"y":0.5}
},
{
	"filename": "attack/back-attack/hero-female-back-attack-3",
	"frame": {"x":68,"y":0,"w":32,"h":32},
	"rotated": false,
	"trimmed": false,
	"spriteSourceSize": {"x":0,"y":0,"w":32,"h":32},
	"sourceSize": {"w":32,"h":32},
	"pivot": {"x":0.5,"y":0.5}
},
{
	"filename": "attack/back-attack/hero-female-back-attack-4",
	"frame": {"x":102,"y":0,"w":32,"h":32},
	"rotated": false,
	"trimmed": false,
	"spriteSourceSize": {"x":0,"y":0,"w":32,"h":32},
	"sourceSize": {"w":32,"h":32},
	"pivot": {"x":0.5,"y":0.5}
},
{
	"filename": "attack/back-attack/hero-male-back-attack-1",
	"frame": {"x":136,"y":0,"w":32,"h":32},
	"rotated": false,
	"trimmed": false,
	"spriteSourceSize": {"x":0,"y":0,"w":32,"h":32},
	"sourceSize": {"w":32,"h":32},
	"pivot": {"x":0.5,"y":0.5}
},
{
	"filename": "attack/back-attack/hero-male-back-attack-2",
	"frame": {"x":170,"y":0,"w":32,"h":32},
	"rotated": false,
	"trimmed": false,
	"spriteSourceSize": {"x":0,"y":0,"w":32,"h":32},
	"sourceSize": {"w":32,"h":32},
	"pivot": {"x":0.5,"y":0.5}
},
{
	"filename": "attack/back-attack/hero-male-back-attack-3",
	"frame": {"x":204,"y":0,"w":32,"h":32},
	"rotated": false,
	"trimmed": false,
	"spriteSourceSize": {"x":0,"y":0,"w":32,"h":32},
	"sourceSize": {"w":32,"h":32},
	"pivot": {"x":0.5,"y":0.5}
},
{
	"filename": "attack/back-attack/hero-male-back-attack-4",
	"frame": {"x":238,"y":0,"w":32,"h":32},
	"rotated": false,
	"trimmed": false,
	"spriteSourceSize": {"x":0,"y":0,"w":32,"h":32},
	"sourceSize": {"w":32,"h":32},
	"pivot": {"x":0.5,"y":0.5}
},
{
	"filename": "attack/front-attack/hero-female-front-attack-1",
	"frame": {"x":272,"y":0,"w":32,"h":32},
	"rotated": false,
	"trimmed": false,
	"spriteSourceSize": {"x":0,"y":0,"w":32,"h":32},
	"sourceSize": {"w":32,"h":32},
	"pivot": {"x":0.5,"y":0.5}
},
{
	"filename": "attack/front-attack/hero-female-front-attack-2",
	"frame": {"x":306,"y":0,"w":32,"h":32},
	"rotated": false,
	"trimmed": false,
	"spriteSourceSize": {"x":0,"y":0,"w":32,"h":32},
	"sourceSize": {"w":32,"h":32},
	"pivot": {"x":0.5,"y":0.5}
},
{
	"filename": "attack/front-attack/hero-female-front-attack-3",
	"frame": {"x":340,"y":0,"w":32,"h":32},
	"rotated": false,
	"trimmed": false,
	"spriteSourceSize": {"x":0,"y":0,"w":32,"h":32},
	"sourceSize": {"w":32,"h":32},
	"pivot": {"x":0.5,"y":0.5}
},
{
	"filename": "attack/front-attack/hero-female-front-attack-4",
	"frame": {"x":374,"y":0,"w":32,"h":32},
	"rotated": false,
	"trimmed": false,
	"spriteSourceSize": {"x":0,"y":0,"w":32,"h":32},
	"sourceSize": {"w":32,"h":32},
	"pivot": {"x":0.5,"y":0.5}
},
{
	"filename": "attack/front-attack/hero-male-front-attack-1",
	"frame": {"x":0,"y":34,"w":32,"h":32},
	"rotated": false,
	"trimmed": false,
	"spriteSourceSize": {"x":0,"y":0,"w":32,"h":32},
	"sourceSize": {"w":32,"h":32},
	"pivot": {"x":0.5,"y":0.5}
},
{
	"filename": "attack/front-attack/hero-male-front-attack-2",
	"frame": {"x":34,"y":34,"w":32,"h":32},
	"rotated": false,
	"trimmed": false,
	"spriteSourceSize": {"x":0,"y":0,"w":32,"h":32},
	"sourceSize": {"w":32,"h":32},
	"pivot": {"x":0.5,"y":0.5}
},
{
	"filename": "attack/front-attack/hero-male-front-attack-3",
	"frame": {"x":68,"y":34,"w":32,"h":32},
	"rotated": false,
	"trimmed": false,
	"spriteSourceSize": {"x":0,"y":0,"w":32,"h":32},
	"sourceSize": {"w":32,"h":32},
	"pivot": {"x":0.5,"y":0.5}
},
{
	"filename": "attack/front-attack/hero-male-front-attack-4",
	"frame": {"x":102,"y":34,"w":32,"h":32},
	"rotated": false,
	"trimmed": false,
	"spriteSourceSize": {"x":0,"y":0,"w":32,"h":32},
	"sourceSize": {"w":32,"h":32},
	"pivot": {"x":0.5,"y":0.5}
},
{
	"filename": "attack/side-attack/hero-female-side-attack-1",
	"frame": {"x":136,"y":34,"w":32,"h":32},
	"rotated": false,
	"trimmed": false,
	"spriteSourceSize": {"x":0,"y":0,"w":32,"h":32},
	"sourceSize": {"w":32,"h":32},
	"pivot": {"x":0.5,"y":0.5}
},
{
	"filename": "attack/side-attack/hero-female-side-attack-2",
	"frame": {"x":170,"y":34,"w":32,"h":32},
	"rotated": false,
	"trimmed": false,
	"spriteSourceSize": {"x":0,"y":0,"w":32,"h":32},
	"sourceSize": {"w":32,"h":32},
	"pivot": {"x":0.5,"y":0.5}
},
{
	"filename": "attack/side-attack/hero-female-side-attack-3",
	"frame": {"x":204,"y":34,"w":32,"h":32},
	"rotated": false,
	"trimmed": false,
	"spriteSourceSize": {"x":0,"y":0,"w":32,"h":32},
	"sourceSize": {"w":32,"h":32},
	"pivot": {"x":0.5,"y":0.5}
},
{
	"filename": "attack/side-attack/hero-female-side-attack-4",
	"frame": {"x":238,"y":34,"w":32,"h":32},
	"rotated": false,
	"trimmed": false,
	"spriteSourceSize": {"x":0,"y":0,"w":32,"h":32},
	"sourceSize": {"w":32,"h":32},
	"pivot": {"x":0.5,"y":0.5}
},
{
	"filename": "attack/side-attack/hero-male-side-attack-1",
	"frame": {"x":272,"y":34,"w":32,"h":32},
	"rotated": false,
	"trimmed": false,
	"spriteSourceSize": {"x":0,"y":0,"w":32,"h":32},
	"sourceSize": {"w":32,"h":32},
	"pivot": {"x":0.5,"y":0.5}
},
{
	"filename": "attack/side-attack/hero-male-side-attack-2",
	"frame": {"x":306,"y":34,"w":32,"h":32},
	"rotated": false,
	"trimmed": false,
	"spriteSourceSize": {"x":0,"y":0,"w":32,"h":32},
	"sourceSize": {"w":32,"h":32},
	"pivot": {"x":0.5,"y":0.5}
},
{
	"filename": "attack/side-attack/hero-male-side-attack-3",
	"frame": {"x":340,"y":34,"w":32,"h":32},
	"rotated": false,
	"trimmed": false,
	"spriteSourceSize": {"x":0,"y":0,"w":32,"h":32},
	"sourceSize": {"w":32,"h":32},
	"pivot": {"x":0.5,"y":0.5}
},
{
	"filename": "attack/side-attack/hero-male-side-attack-4",
	"frame": {"x":374,"y":34,"w":32,"h":32},
	"rotated": false,
	"trimmed": false,
	"spriteSourceSize": {"x":0,"y":0,"w":32,"h":32},
	"sourceSize": {"w":32,"h":32},
	"pivot": {"x":0.5,"y":0.5}
},
{
	"filename": "enemy-death/enemy-death-1",
	"frame": {"x":0,"y":68,"w":32,"h":37},
	"rotated": false,
	"trimmed": false,
	"spriteSourceSize": {"x":0,"y":0,"w":32,"h":37},
	"sourceSize": {"w":32,"h":37},
	"pivot": {"x":0.5,"y":0.5}
},
{
	"filename": "enemy-death/enemy-death-2",
	"frame": {"x":34,"y":68,"w":32,"h":37},
	"rotated": false,
	"trimmed": false,
	"spriteSourceSize": {"x":0,"y":0,"w":32,"h":37},
	"sourceSize": {"w":32,"h":37},
	"pivot": {"x":0.5,"y":0.5}
},
{
	"filename": "enemy-death/enemy-death-3",
	"frame": {"x":68,"y":68,"w":32,"h":37},
	"rotated": false,
	"trimmed": false,
	"spriteSourceSize": {"x":0,"y":0,"w":32,"h":37},
	"sourceSize": {"w":32,"h":37},
	"pivot": {"x":0.5,"y":0.5}
},
{
	"filename": "enemy-death/enemy-death-4",
	"frame": {"x":102,"y":68,"w":32,"h":37},
	"rotated": false,
	"trimmed": false,
	"spriteSourceSize": {"x":0,"y":0,"w":32,"h":37},
	"sourceSize": {"w":32,"h":37},
	"pivot": {"x":0.5,"y":0.5}
},
{
	"filename": "enemy-death/enemy-death-5",
	"frame": {"x":136,"y":68,"w":32,"h":37},
	"rotated": false,
	"trimmed": false,
	"spriteSourceSize": {"x":0,"y":0,"w":32,"h":37},
	"sourceSize": {"w":32,"h":37},
	"pivot": {"x":0.5,"y":0.5}
},
{
	"filename": "enemy-death/enemy-death-6",
	"frame": {"x":170,"y":68,"w":32,"h":37},
	"rotated": false,
	"trimmed": false,
	"spriteSourceSize": {"x":0,"y":0,"w":32,"h":37},
	"sourceSize": {"w":32,"h":37},
	"pivot": {"x":0.5,"y":0.5}
},
{
	"filename": "enemy-death/enemy-death-7",
	"frame": {"x":204,"y":68,"w":32,"h":37},
	"rotated": false,
	"trimmed": false,
	"spriteSourceSize": {"x":0,"y":0,"w":32,"h":37},
	"sourceSize": {"w":32,"h":37},
	"pivot": {"x":0.5,"y":0.5}
},
{
	"filename": "enemy-death/enemy-death-8",
	"frame": {"x":238,"y":68,"w":32,"h":37},
	"rotated": false,
	"trimmed": false,
	"spriteSourceSize": {"x":0,"y":0,"w":32,"h":37},
	"sourceSize": {"w":32,"h":37},
	"pivot": {"x":0.5,"y":0.5}
},
{
	"filename": "fireball/fireball-1",
	"frame": {"x":272,"y":68,"w":9,"h":20},
	"rotated": false,
	"trimmed": false,
	"spriteSourceSize": {"x":0,"y":0,"w":9,"h":20},
	"sourceSize": {"w":9,"h":20},
	"pivot": {"x":0.5,"y":0.5}
},
{
	"filename": "fireball/fireball-2",
	"frame": {"x":283,"y":68,"w":9,"h":20},
	"rotated": false,
	"trimmed": false,
	"spriteSourceSize": {"x":0,"y":0,"w":9,"h":20},
	"sourceSize": {"w":9,"h":20},
	"pivot": {"x":0.5,"y":0.5}
},
{
	"filename": "fireball/fireball-3",
	"frame": {"x":294,"y":68,"w":9,"h":20},
	"rotated": false,
	"trimmed": false,
	"spriteSourceSize": {"x":0,"y":0,"w":9,"h":20},
	"sourceSize": {"w":9,"h":20},
	"pivot": {"x":0.5,"y":0.5}
},
{
	"filename": "fireball/fireball-4",
	"frame": {"x":305,"y":68,"w":9,"h":20},
	"rotated": false,
	"trimmed": false,
	"spriteSourceSize": {"x":0,"y":0,"w":9,"h":20},
	"sourceSize": {"w":9,"h":20},
	"pivot": {"x":0.5,"y":0.5}
},
{
	"filename": "hearts/hearts-1",
	"frame": {"x":316,"y":68,"w":7,"h":6},
	"rotated": false,
	"trimmed": false,
	"spriteSourceSize": {"x":0,"y":0,"w":7,"h":6},
	"sourceSize": {"w":7,"h":6},
	"pivot": {"x":0.5,"y":0.5}
},
{
	"filename": "hearts/hearts-2",
	"frame": {"x":325,"y":68,"w":7,"h":6},
	"rotated": false,
	"trimmed": false,
	"spriteSourceSize": {"x":0,"y":0,"w":7,"h":6},
	"sourceSize": {"w":7,"h":6},
	"pivot": {"x":0.5,"y":0.5}
},
{
	"filename": "idle/hero-female-back-idle",
	"frame": {"x":334,"y":68,"w":32,"h":32},
	"rotated": false,
	"trimmed": false,
	"spriteSourceSize": {"x":0,"y":0,"w":32,"h":32},
	"sourceSize": {"w":32,"h":32},
	"pivot": {"x":0.5,"y":0.5}
},
{
	"filename": "idle/hero-female-front-idle",
	"frame": {"x":368,"y":68,"w":32,"h":32},
	"rotated": false,
	"trimmed": false,
	"spriteSourceSize": {"x":0,"y":0,"w":32,"h":32},
	"sourceSize": {"w":32,"h":32},
	"pivot": {"x":0.5,"y":0.5}
},
{
	"filename": "idle/hero-female-side-idle",
	"frame": {"x":0,"y":107,"w":32,"h":32},
	"rotated": false,
	"trimmed": false,
	"spriteSourceSize": {"x":0,"y":0,"w":32,"h":32},
	"sourceSize": {"w":32,"h":32},
	"pivot": {"x":0.5,"y":0.5}
},
{
	"filename": "idle/hero-male-back-idle",
	"frame": {"x":34,"y":107,"w":32,"h":32},
	"rotated": false,
	"trimmed": false,
	"spriteSourceSize": {"x":0,"y":0,"w":32,"h":32},
	"sourceSize": {"w":32,"h":32},
	"pivot": {"x":0.5,"y":0.5}
},
{
	"filename": "idle/hero-male-front-idle",
	"frame": {"x":68,"y":107,"w":32,"h":32},
	"rotated": false,
	"trimmed": false,
	"spriteSourceSize": {"x":0,"y":0,"w":32,"h":32},
	"sourceSize": {"w":32,"h":32},
	"pivot": {"x":0.5,"y":0.5}
},
{
	"filename": "idle/hero-male-side-idle",
	"frame": {"x":102,"y":107,"w":32,"h":32},
	"rotated": false,
	"trimmed": false,
	"spriteSourceSize": {"x":0,"y":0,"w":32,"h":32},
	"sourceSize": {"w":32,"h":32},
	"pivot": {"x":0.5,"y":0.5}
},
{
	"filename": "key/key-1",
	"frame": {"x":136,"y":107,"w":10,"h":8},
	"rotated": false,
	"trimmed": false,
	"spriteSourceSize": {"x":0,"y":0,"w":10,"h":8},
	"sourceSize": {"w":10,"h":8},
	"pivot": {"x":0.5,"y":0.5}
},
{
	"filename": "key/key-2",
	"frame": {"x":148,"y":107,"w":10,"h":8},
	"rotated": false,
	"trimmed": false,
	"spriteSourceSize": {"x":0,"y":0,"w":10,"h":8},
	"sourceSize": {"w":10,"h":8},
	"pivot": {"x":0.5,"y":0.5}
},
{
	"filename": "key/key-3",
	"frame": {"x":160,"y":107,"w":10,"h":8},
	"rotated": false,
	"trimmed": false,
	"spriteSourceSize": {"x":0,"y":0,"w":10,"h":8},
	"sourceSize": {"w":10,"h":8},
	"pivot": {"x":0.5,"y":0.5}
},
{
	"filename": "key/key-4",
	"frame": {"x":172,"y":107,"w":10,"h":8},
	"rotated": false,
	"trimmed": false,
	"spriteSourceSize": {"x":0,"y":0,"w":10,"h":8},
	"sourceSize": {"w":10,"h":8},
	"pivot": {"x":0.5,"y":0.5}
},
{
	"filename": "key/key-5",
	"frame": {"x":184,"y":107,"w":10,"h":8},
	"rotated": false,
	"trimmed": false,
	"spriteSourceSize": {"x":0,"y":0,"w":10,"h":8},
	"sourceSize": {"w":10,"h":8},
	"pivot": {"x":0.5,"y":0.5}
},
{
	"filename": "skull-1",
	"frame": {"x":196,"y":107,"w":16,"h":27},
	"rotated": false,
	"trimmed": false,
	"spriteSourceSize": {"x":0,"y":0,"w":16,"h":27},
	"sourceSize": {"w":16,"h":27},
	"pivot": {"x":0.5,"y":0.5}
},
{
	"filename": "skull-2",
	"frame": {"x":214,"y":107,"w":16,"h":27},
	"rotated": false,
	"trimmed": false,
	"spriteSourceSize": {"x":0,"y":0,"w":16,"h":27},
	"sourceSize": {"w":16,"h":27},
	"pivot": {"x":0.5,"y":0.5}
},
{
	"filename": "skull-3",
	"frame": {"x":232,"y":107,"w":16,"h":27},
	"rotated": false,
	"trimmed": false,
	"spriteSourceSize": {"x":0,"y":0,"w":16,"h":27},
	"sourceSize": {"w":16,"h":27},
	"pivot": {"x":0.5,"y":0.5}
},
{
	"filename": "skull-4",
	"frame": {"x":250,"y":107,"w":16,"h":27},
	"rotated": false,
	"trimmed": false,
	"spriteSourceSize": {"x":0,"y":0,"w":16,"h":27},
	"sourceSize": {"w":16,"h":27},
	"pivot": {"x":0.5,"y":0.5}
},
{
	"filename": "slash/slash-1",
	"frame": {"x":268,"y":107,"w":32,"h":23},
	"rotated": false,
	"trimmed": false,
	"spriteSourceSize": {"x":0,"y":0,"w":32,"h":23},
	"sourceSize": {"w":32,"h":23},
	"pivot": {"x":0.5,"y":0.5}
},
{
	"filename": "slash/slash-2",
	"frame": {"x":302,"y":107,"w":32,"h":23},
	"rotated": false,
	"trimmed": false,
	"spriteSourceSize": {"x":0,"y":0,"w":32,"h":23},
	"sourceSize": {"w":32,"h":23},
	"pivot": {"x":0.5,"y":0.5}
},
{
	"filename": "slash/slash-blank",
	"frame": {"x":336,"y":107,"w":32,"h":23},
	"rotated": false,
	"trimmed": false,
	"spriteSourceSize": {"x":0,"y":0,"w":32,"h":23},
	"sourceSize": {"w":32,"h":23},
	"pivot": {"x":0.5,"y":0.5}
},
{
	"filename": "slime-1",
	"frame": {"x":370,"y":107,"w":15,"h":14},
	"rotated": false,
	"trimmed": false,
	"spriteSourceSize": {"x":0,"y":0,"w":15,"h":14},
	"sourceSize": {"w":15,"h":14},
	"pivot": {"x":0.5,"y":0.5}
},
{
	"filename": "slime-2",
	"frame": {"x":387,"y":107,"w":15,"h":14},
	"rotated": false,
	"trimmed": false,
	"spriteSourceSize": {"x":0,"y":0,"w":15,"h":14},
	"sourceSize": {"w":15,"h":14},
	"pivot": {"x":0.5,"y":0.5}
},
{
	"filename": "slime-3",
	"frame": {"x":404,"y":107,"w":15,"h":14},
	"rotated": false,
	"trimmed": false,
	"spriteSourceSize": {"x":0,"y":0,"w":15,"h":14},
	"sourceSize": {"w":15,"h":14},
	"pivot": {"x":0.5,"y":0.5}
},
{
	"filename": "slime-4",
	"frame": {"x":0,"y":141,"w":15,"h":14},
	"rotated": false,
	"trimmed": false,
	"spriteSourceSize": {"x":0,"y":0,"w":15,"h":14},
	"sourceSize": {"w":15,"h":14},
	"pivot": {"x":0.5,"y":0.5}
},
{
	"filename": "walk/back-walk/hero-female-back-walk-1",
	"frame": {"x":17,"y":141,"w":32,"h":32},
	"rotated": false,
	"trimmed": false,
	"spriteSourceSize": {"x":0,"y":0,"w":32,"h":32},
	"sourceSize": {"w":32,"h":32},
	"pivot": {"x":0.5,"y":0.5}
},
{
	"filename": "walk/back-walk/hero-female-back-walk-2",
	"frame": {"x":51,"y":141,"w":32,"h":32},
	"rotated": false,
	"trimmed": false,
	"spriteSourceSize": {"x":0,"y":0,"w":32,"h":32},
	"sourceSize": {"w":32,"h":32},
	"pivot": {"x":0.5,"y":0.5}
},
{
	"filename": "walk/back-walk/hero-female-back-walk-3",
	"frame": {"x":85,"y":141,"w":32,"h":32},
	"rotated": false,
	"trimmed": false,
	"spriteSourceSize": {"x":0,"y":0,"w":32,"h":32},
	"sourceSize": {"w":32,"h":32},
	"pivot": {"x":0.5,"y":0.5}
},
{
	"filename": "walk/back-walk/hero-female-back-walk-4",
	"frame": {"x":119,"y":141,"w":32,"h":32},
	"rotated": false,
	"trimmed": false,
	"spriteSourceSize": {"x":0,"y":0,"w":32,"h":32},
	"sourceSize": {"w":32,"h":32},
	"pivot": {"x":0.5,"y":0.5}
},
{
	"filename": "walk/back-walk/hero-female-back-walk-5",
	"frame": {"x":153,"y":141,"w":32,"h":32},
	"rotated": false,
	"trimmed": false,
	"spriteSourceSize": {"x":0,"y":0,"w":32,"h":32},
	"sourceSize": {"w":32,"h":32},
	"pivot": {"x":0.5,"y":0.5}
},
{
	"filename": "walk/back-walk/hero-female-back-walk-6",
	"frame": {"x":187,"y":141,"w":32,"h":32},
	"rotated": false,
	"trimmed": false,
	"spriteSourceSize": {"x":0,"y":0,"w":32,"h":32},
	"sourceSize": {"w":32,"h":32},
	"pivot": {"x":0.5,"y":0.5}
},
{
	"filename": "walk/back-walk/hero-male-back-walk-1",
	"frame": {"x":221,"y":141,"w":32,"h":32},
	"rotated": false,
	"trimmed": false,
	"spriteSourceSize": {"x":0,"y":0,"w":32,"h":32},
	"sourceSize": {"w":32,"h":32},
	"pivot": {"x":0.5,"y":0.5}
},
{
	"filename": "walk/back-walk/hero-male-back-walk-2",
	"frame": {"x":255,"y":141,"w":32,"h":32},
	"rotated": false,
	"trimmed": false,
	"spriteSourceSize": {"x":0,"y":0,"w":32,"h":32},
	"sourceSize": {"w":32,"h":32},
	"pivot": {"x":0.5,"y":0.5}
},
{
	"filename": "walk/back-walk/hero-male-back-walk-3",
	"frame": {"x":289,"y":141,"w":32,"h":32},
	"rotated": false,
	"trimmed": false,
	"spriteSourceSize": {"x":0,"y":0,"w":32,"h":32},
	"sourceSize": {"w":32,"h":32},
	"pivot": {"x":0.5,"y":0.5}
},
{
	"filename": "walk/back-walk/hero-male-back-walk-4",
	"frame": {"x":323,"y":141,"w":32,"h":32},
	"rotated": false,
	"trimmed": false,
	"spriteSourceSize": {"x":0,"y":0,"w":32,"h":32},
	"sourceSize": {"w":32,"h":32},
	"pivot": {"x":0.5,"y":0.5}
},
{
	"filename": "walk/back-walk/hero-male-back-walk-5",
	"frame": {"x":357,"y":141,"w":32,"h":32},
	"rotated": false,
	"trimmed": false,
	"spriteSourceSize": {"x":0,"y":0,"w":32,"h":32},
	"sourceSize": {"w":32,"h":32},
	"pivot": {"x":0.5,"y":0.5}
},
{
	"filename": "walk/back-walk/hero-male-back-walk-6",
	"frame": {"x":391,"y":141,"w":32,"h":32},
	"rotated": false,
	"trimmed": false,
	"spriteSourceSize": {"x":0,"y":0,"w":32,"h":32},
	"sourceSize": {"w":32,"h":32},
	"pivot": {"x":0.5,"y":0.5}
},
{
	"filename": "walk/front-walk/hero-female-front-walk-1",
	"frame": {"x":0,"y":175,"w":32,"h":32},
	"rotated": false,
	"trimmed": false,
	"spriteSourceSize": {"x":0,"y":0,"w":32,"h":32},
	"sourceSize": {"w":32,"h":32},
	"pivot": {"x":0.5,"y":0.5}
},
{
	"filename": "walk/front-walk/hero-female-front-walk-2",
	"frame": {"x":34,"y":175,"w":32,"h":32},
	"rotated": false,
	"trimmed": false,
	"spriteSourceSize": {"x":0,"y":0,"w":32,"h":32},
	"sourceSize": {"w":32,"h":32},
	"pivot": {"x":0.5,"y":0.5}
},
{
	"filename": "walk/front-walk/hero-female-front-walk-3",
	"frame": {"x":68,"y":175,"w":32,"h":32},
	"rotated": false,
	"trimmed": false,
	"spriteSourceSize": {"x":0,"y":0,"w":32,"h":32},
	"sourceSize": {"w":32,"h":32},
	"pivot": {"x":0.5,"y":0.5}
},
{
	"filename": "walk/front-walk/hero-female-front-walk-4",
	"frame": {"x":102,"y":175,"w":32,"h":32},
	"rotated": false,
	"trimmed": false,
	"spriteSourceSize": {"x":0,"y":0,"w":32,"h":32},
	"sourceSize": {"w":32,"h":32},
	"pivot": {"x":0.5,"y":0.5}
},
{
	"filename": "walk/front-walk/hero-female-front-walk-5",
	"frame": {"x":136,"y":175,"w":32,"h":32},
	"rotated": false,
	"trimmed": false,
	"spriteSourceSize": {"x":0,"y":0,"w":32,"h":32},
	"sourceSize": {"w":32,"h":32},
	"pivot": {"x":0.5,"y":0.5}
},
{
	"filename": "walk/front-walk/hero-female-front-walk-6",
	"frame": {"x":170,"y":175,"w":32,"h":32},
	"rotated": false,
	"trimmed": false,
	"spriteSourceSize": {"x":0,"y":0,"w":32,"h":32},
	"sourceSize": {"w":32,"h":32},
	"pivot": {"x":0.5,"y":0.5}
},
{
	"filename": "walk/front-walk/hero-male-front-walk-1",
	"frame": {"x":204,"y":175,"w":32,"h":32},
	"rotated": false,
	"trimmed": false,
	"spriteSourceSize": {"x":0,"y":0,"w":32,"h":32},
	"sourceSize": {"w":32,"h":32},
	"pivot": {"x":0.5,"y":0.5}
},
{
	"filename": "walk/front-walk/hero-male-front-walk-2",
	"frame": {"x":238,"y":175,"w":32,"h":32},
	"rotated": false,
	"trimmed": false,
	"spriteSourceSize": {"x":0,"y":0,"w":32,"h":32},
	"sourceSize": {"w":32,"h":32},
	"pivot": {"x":0.5,"y":0.5}
},
{
	"filename": "walk/front-walk/hero-male-front-walk-3",
	"frame": {"x":272,"y":175,"w":32,"h":32},
	"rotated": false,
	"trimmed": false,
	"spriteSourceSize": {"x":0,"y":0,"w":32,"h":32},
	"sourceSize": {"w":32,"h":32},
	"pivot": {"x":0.5,"y":0.5}
},
{
	"filename": "walk/front-walk/hero-male-front-walk-4",
	"frame": {"x":306,"y":175,"w":32,"h":32},
	"rotated": false,
	"trimmed": false,
	"spriteSourceSize": {"x":0,"y":0,"w":32,"h":32},
	"sourceSize": {"w":32,"h":32},
	"pivot": {"x":0.5,"y":0.5}
},
{
	"filename": "walk/front-walk/hero-male-front-walk-5",
	"frame": {"x":340,"y":175,"w":32,"h":32},
	"rotated": false,
	"trimmed": false,
	"spriteSourceSize": {"x":0,"y":0,"w":32,"h":32},
	"sourceSize": {"w":32,"h":32},
	"pivot": {"x":0.5,"y":0.5}
},
{
	"filename": "walk/front-walk/hero-male-front-walk-6",
	"frame": {"x":374,"y":175,"w":32,"h":32},
	"rotated": false,
	"trimmed": false,
	"spriteSourceSize": {"x":0,"y":0,"w":32,"h":32},
	"sourceSize": {"w":32,"h":32},
	"pivot": {"x":0.5,"y":0.5}
},
{
	"filename": "walk/side-walk/hero-female-side-walk-1",
	"frame": {"x":0,"y":209,"w":32,"h":32},
	"rotated": false,
	"trimmed": false,
	"spriteSourceSize": {"x":0,"y":0,"w":32,"h":32},
	"sourceSize": {"w":32,"h":32},
	"pivot": {"x":0.5,"y":0.5}
},
{
	"filename": "walk/side-walk/hero-female-side-walk-2",
	"frame": {"x":34,"y":209,"w":32,"h":32},
	"rotated": false,
	"trimmed": false,
	"spriteSourceSize": {"x":0,"y":0,"w":32,"h":32},
	"sourceSize": {"w":32,"h":32},
	"pivot": {"x":0.5,"y":0.5}
},
{
	"filename": "walk/side-walk/hero-female-side-walk-3",
	"frame": {"x":68,"y":209,"w":32,"h":32},
	"rotated": false,
	"trimmed": false,
	"spriteSourceSize": {"x":0,"y":0,"w":32,"h":32},
	"sourceSize": {"w":32,"h":32},
	"pivot": {"x":0.5,"y":0.5}
},
{
	"filename": "walk/side-walk/hero-female-side-walk-4",
	"frame": {"x":102,"y":209,"w":32,"h":32},
	"rotated": false,
	"trimmed": false,
	"spriteSourceSize": {"x":0,"y":0,"w":32,"h":32},
	"sourceSize": {"w":32,"h":32},
	"pivot": {"x":0.5,"y":0.5}
},
{
	"filename": "walk/side-walk/hero-female-side-walk-5",
	"frame": {"x":136,"y":209,"w":32,"h":32},
	"rotated": false,
	"trimmed": false,
	"spriteSourceSize": {"x":0,"y":0,"w":32,"h":32},
	"sourceSize": {"w":32,"h":32},
	"pivot": {"x":0.5,"y":0.5}
},
{
	"filename": "walk/side-walk/hero-female-side-walk-6",
	"frame": {"x":170,"y":209,"w":32,"h":32},
	"rotated": false,
	"trimmed": false,
	"spriteSourceSize": {"x":0,"y":0,"w":32,"h":32},
	"sourceSize": {"w":32,"h":32},
	"pivot": {"x":0.5,"y":0.5}
},
{
	"filename": "walk/side-walk/hero-male-side-walk-1",
	"frame": {"x":204,"y":209,"w":32,"h":32},
	"rotated": false,
	"trimmed": false,
	"spriteSourceSize": {"x":0,"y":0,"w":32,"h":32},
	"sourceSize": {"w":32,"h":32},
	"pivot": {"x":0.5,"y":0.5}
},
{
	"filename": "walk/side-walk/hero-male-side-walk-2",
	"frame": {"x":238,"y":209,"w":32,"h":32},
	"rotated": false,
	"trimmed": false,
	"spriteSourceSize": {"x":0,"y":0,"w":32,"h":32},
	"sourceSize": {"w":32,"h":32},
	"pivot": {"x":0.5,"y":0.5}
},
{
	"filename": "walk/side-walk/hero-male-side-walk-3",
	"frame": {"x":272,"y":209,"w":32,"h":32},
	"rotated": false,
	"trimmed": false,
	"spriteSourceSize": {"x":0,"y":0,"w":32,"h":32},
	"sourceSize": {"w":32,"h":32},
	"pivot": {"x":0.5,"y":0.5}
},
{
	"filename": "walk/side-walk/hero-male-side-walk-4",
	"frame": {"x":306,"y":209,"w":32,"h":32},
	"rotated": false,
	"trimmed": false,
	"spriteSourceSize": {"x":0,"y":0,"w":32,"h":32},
	"sourceSize": {"w":32,"h":32},
	"pivot": {"x":0.5,"y":0.5}
},
{
	"filename": "walk/side-walk/hero-male-side-walk-5",
	"frame": {"x":340,"y":209,"w":32,"h":32},
	"rotated": false,
	"trimmed": false,
	"spriteSourceSize": {"x":0,"y":0,"w":32,"h":32},
	"sourceSize": {"w":32,"h":32},
	"pivot": {"x":0.5,"y":0.5}
},
{
	"filename": "walk/side-walk/hero-male-side-walk-6",
	"frame": {"x":374,"y":209,"w":32,"h":32},
	"rotated": false,
	"trimmed": false,
	"spriteSourceSize": {"x":0,"y":0,"w":32,"h":32},
	"sourceSize": {"w":32,"h":32},
	"pivot": {"x":0.5,"y":0.5}
}],
"meta": {
	"app": "http://www.codeandweb.com/texturepacker",
	"version": "1.0",
	"image": "atlas.png",
	"format": "RGBA8888",
	"size": {"w":425,"h":241},
	"scale": "1",
	"smartupdate": "$TexturePacker:SmartUpdate:a124a0059133f3a065f015469ec0dca5:6946a814be9dc0f509fa6128b89ca9ba:cbce6b53f0f49e0bf15173c25c41f876$"
}
}
